id;node;calc_type;dspf;pExtNet;qExtNet;pWardShunt;qWardShunt;rXWard;xXWard;vmXWard;subnet;voltLvl
HV1 grid at MV1.102;HV1 Bus 30;vavm;1;NULL;NULL;NULL;NULL;NULL;NULL;NULL;MV1.102_HV1_eq;3
HV1 grid at MV1.103;HV1 Bus 41;vavm;1;NULL;NULL;NULL;NULL;NULL;NULL;NULL;MV1.103_HV1_eq;3
HV1 grid at MV1.104;HV1 Bus 49;vavm;1;NULL;NULL;NULL;NULL;NULL;NULL;NULL;MV1.104_HV1_eq;3
HV1 grid at MV1.105;HV1 Bus 65;vavm;1;NULL;NULL;NULL;NULL;NULL;NULL;NULL;MV1.105_HV1_eq;3
HV1 grid at MV1.106;HV1 Bus 70;vavm;1;NULL;NULL;NULL;NULL;NULL;NULL;NULL;MV1.106_HV1_eq;3
HV1 grid at MV1.107;HV1 Bus 75;vavm;1;NULL;NULL;NULL;NULL;NULL;NULL;NULL;MV1.107_HV1_eq;3
HV1 grid at MV1.108;HV1 Bus 102;vavm;1;NULL;NULL;NULL;NULL;NULL;NULL;NULL;MV1.108_HV1_eq;3
HV1 grid at MV2.102;HV1 Bus 89;vavm;1;NULL;NULL;NULL;NULL;NULL;NULL;NULL;MV2.102_HV1_eq;3
HV1 grid at MV2.103;HV1 Bus 94;vavm;1;NULL;NULL;NULL;NULL;NULL;NULL;NULL;MV2.103_HV1_eq;3
HV1 grid at MV3.102;HV1 Bus 47;vavm;1;NULL;NULL;NULL;NULL;NULL;NULL;NULL;MV3.102_HV1_eq;3
HV1 grid at MV3.103;HV1 Bus 55;vavm;1;NULL;NULL;NULL;NULL;NULL;NULL;NULL;MV3.103_HV1_eq;3
HV2 grid at MV1.201;HV2 Bus 59;vavm;1;NULL;NULL;NULL;NULL;NULL;NULL;NULL;MV1.201_HV2_eq;3
HV2 grid at MV1.202;HV2 Bus 96;vavm;1;NULL;NULL;NULL;NULL;NULL;NULL;NULL;MV1.202_HV2_eq;3
HV2 grid at MV1.203;HV2 Bus 204;vavm;1;NULL;NULL;NULL;NULL;NULL;NULL;NULL;MV1.203_HV2_eq;3
HV2 grid at MV1.204;HV2 Bus 304;vavm;1;NULL;NULL;NULL;NULL;NULL;NULL;NULL;MV1.204_HV2_eq;3
HV2 grid at MV1.205;HV2 Bus 347;vavm;1;NULL;NULL;NULL;NULL;NULL;NULL;NULL;MV1.205_HV2_eq;3
HV2 grid at MV2.201;HV2 Bus 86;vavm;1;NULL;NULL;NULL;NULL;NULL;NULL;NULL;MV2.201_HV2_eq;3
HV2 grid at MV2.202;HV2 Bus 310;vavm;1;NULL;NULL;NULL;NULL;NULL;NULL;NULL;MV2.202_HV2_eq;3
HV2 grid at MV2.203;HV2 Bus 291;vavm;1;NULL;NULL;NULL;NULL;NULL;NULL;NULL;MV2.203_HV2_eq;3
HV2 grid at MV3.201;HV2 Bus 83;vavm;1;NULL;NULL;NULL;NULL;NULL;NULL;NULL;MV3.201_HV2_eq;3
HV2 grid at MV3.202;HV2 Bus 195;vavm;1;NULL;NULL;NULL;NULL;NULL;NULL;NULL;MV3.202_HV2_eq;3
HV2 grid at MV4.201;HV2 Bus 161;vavm;1;NULL;NULL;NULL;NULL;NULL;NULL;NULL;MV4.201_HV2_eq;3
HV2 grid at MV4.202;HV2 Bus 163;vavm;1;NULL;NULL;NULL;NULL;NULL;NULL;NULL;MV4.202_HV2_eq;3
HV2 grid at MV4.203;HV2 Bus 278;vavm;1;NULL;NULL;NULL;NULL;NULL;NULL;NULL;MV4.203_HV2_eq;3
MV1.101 grid at LV1.101;MV1.101 Bus 4;vavm;1;NULL;NULL;NULL;NULL;NULL;NULL;NULL;LV1.101_MV1.101_eq;5
MV1.101 grid at LV1.102;MV1.101 Bus 5;vavm;1;NULL;NULL;NULL;NULL;NULL;NULL;NULL;LV1.102_MV1.101_eq;5
MV1.101 grid at LV1.103;MV1.101 Bus 6;vavm;1;NULL;NULL;NULL;NULL;NULL;NULL;NULL;LV1.103_MV1.101_eq;5
MV1.101 grid at LV1.104;MV1.101 Bus 7;vavm;1;NULL;NULL;NULL;NULL;NULL;NULL;NULL;LV1.104_MV1.101_eq;5
MV1.101 grid at LV1.105;MV1.101 Bus 19;vavm;1;NULL;NULL;NULL;NULL;NULL;NULL;NULL;LV1.105_MV1.101_eq;5
MV1.101 grid at LV1.106;MV1.101 Bus 20;vavm;1;NULL;NULL;NULL;NULL;NULL;NULL;NULL;LV1.106_MV1.101_eq;5
MV1.101 grid at LV1.107;MV1.101 Bus 21;vavm;1;NULL;NULL;NULL;NULL;NULL;NULL;NULL;LV1.107_MV1.101_eq;5
MV1.101 grid at LV1.108;MV1.101 Bus 22;vavm;1;NULL;NULL;NULL;NULL;NULL;NULL;NULL;LV1.108_MV1.101_eq;5
MV1.101 grid at LV1.109;MV1.101 Bus 25;vavm;1;NULL;NULL;NULL;NULL;NULL;NULL;NULL;LV1.109_MV1.101_eq;5
MV1.101 grid at LV1.110;MV1.101 Bus 27;vavm;1;NULL;NULL;NULL;NULL;NULL;NULL;NULL;LV1.110_MV1.101_eq;5
MV1.101 grid at LV1.111;MV1.101 Bus 28;vavm;1;NULL;NULL;NULL;NULL;NULL;NULL;NULL;LV1.111_MV1.101_eq;5
MV1.101 grid at LV1.112;MV1.101 Bus 29;vavm;1;NULL;NULL;NULL;NULL;NULL;NULL;NULL;LV1.112_MV1.101_eq;5
MV1.101 grid at LV1.113;MV1.101 Bus 30;vavm;1;NULL;NULL;NULL;NULL;NULL;NULL;NULL;LV1.113_MV1.101_eq;5
MV1.101 grid at LV1.114;MV1.101 Bus 40;vavm;1;NULL;NULL;NULL;NULL;NULL;NULL;NULL;LV1.114_MV1.101_eq;5
MV1.101 grid at LV1.115;MV1.101 Bus 41;vavm;1;NULL;NULL;NULL;NULL;NULL;NULL;NULL;LV1.115_MV1.101_eq;5
MV1.101 grid at LV1.116;MV1.101 Bus 43;vavm;1;NULL;NULL;NULL;NULL;NULL;NULL;NULL;LV1.116_MV1.101_eq;5
MV1.101 grid at LV1.117;MV1.101 Bus 44;vavm;1;NULL;NULL;NULL;NULL;NULL;NULL;NULL;LV1.117_MV1.101_eq;5
MV1.101 grid at LV1.118;MV1.101 Bus 45;vavm;1;NULL;NULL;NULL;NULL;NULL;NULL;NULL;LV1.118_MV1.101_eq;5
MV1.101 grid at LV1.119;MV1.101 Bus 46;vavm;1;NULL;NULL;NULL;NULL;NULL;NULL;NULL;LV1.119_MV1.101_eq;5
MV1.101 grid at LV1.120;MV1.101 Bus 47;vavm;1;NULL;NULL;NULL;NULL;NULL;NULL;NULL;LV1.120_MV1.101_eq;5
MV1.101 grid at LV1.121;MV1.101 Bus 48;vavm;1;NULL;NULL;NULL;NULL;NULL;NULL;NULL;LV1.121_MV1.101_eq;5
MV1.101 grid at LV1.122;MV1.101 Bus 58;vavm;1;NULL;NULL;NULL;NULL;NULL;NULL;NULL;LV1.122_MV1.101_eq;5
MV1.101 grid at LV1.123;MV1.101 Bus 59;vavm;1;NULL;NULL;NULL;NULL;NULL;NULL;NULL;LV1.123_MV1.101_eq;5
MV1.101 grid at LV1.124;MV1.101 Bus 63;vavm;1;NULL;NULL;NULL;NULL;NULL;NULL;NULL;LV1.124_MV1.101_eq;5
MV1.101 grid at LV1.125;MV1.101 Bus 68;vavm;1;NULL;NULL;NULL;NULL;NULL;NULL;NULL;LV1.125_MV1.101_eq;5
MV1.101 grid at LV1.126;MV1.101 Bus 70;vavm;1;NULL;NULL;NULL;NULL;NULL;NULL;NULL;LV1.126_MV1.101_eq;5
MV1.101 grid at LV1.127;MV1.101 Bus 75;vavm;1;NULL;NULL;NULL;NULL;NULL;NULL;NULL;LV1.127_MV1.101_eq;5
MV1.101 grid at LV1.128;MV1.101 Bus 76;vavm;1;NULL;NULL;NULL;NULL;NULL;NULL;NULL;LV1.128_MV1.101_eq;5
MV1.101 grid at LV1.129;MV1.101 Bus 77;vavm;1;NULL;NULL;NULL;NULL;NULL;NULL;NULL;LV1.129_MV1.101_eq;5
MV1.101 grid at LV1.130;MV1.101 Bus 87;vavm;1;NULL;NULL;NULL;NULL;NULL;NULL;NULL;LV1.130_MV1.101_eq;5
MV1.101 grid at LV1.131;MV1.101 Bus 88;vavm;1;NULL;NULL;NULL;NULL;NULL;NULL;NULL;LV1.131_MV1.101_eq;5
MV1.101 grid at LV1.132;MV1.101 Bus 89;vavm;1;NULL;NULL;NULL;NULL;NULL;NULL;NULL;LV1.132_MV1.101_eq;5
MV1.101 grid at LV1.133;MV1.101 Bus 90;vavm;1;NULL;NULL;NULL;NULL;NULL;NULL;NULL;LV1.133_MV1.101_eq;5
MV1.101 grid at LV1.134;MV1.101 Bus 91;vavm;1;NULL;NULL;NULL;NULL;NULL;NULL;NULL;LV1.134_MV1.101_eq;5
MV1.101 grid at LV1.135;MV1.101 Bus 92;vavm;1;NULL;NULL;NULL;NULL;NULL;NULL;NULL;LV1.135_MV1.101_eq;5
MV1.101 grid at LV1.136;MV1.101 Bus 96;vavm;1;NULL;NULL;NULL;NULL;NULL;NULL;NULL;LV1.136_MV1.101_eq;5
MV1.101 grid at LV2.101;MV1.101 Bus 8;vavm;1;NULL;NULL;NULL;NULL;NULL;NULL;NULL;LV2.101_MV1.101_eq;5
MV1.101 grid at LV2.102;MV1.101 Bus 9;vavm;1;NULL;NULL;NULL;NULL;NULL;NULL;NULL;LV2.102_MV1.101_eq;5
MV1.101 grid at LV2.103;MV1.101 Bus 10;vavm;1;NULL;NULL;NULL;NULL;NULL;NULL;NULL;LV2.103_MV1.101_eq;5
MV1.101 grid at LV2.104;MV1.101 Bus 11;vavm;1;NULL;NULL;NULL;NULL;NULL;NULL;NULL;LV2.104_MV1.101_eq;5
MV1.101 grid at LV2.105;MV1.101 Bus 13;vavm;1;NULL;NULL;NULL;NULL;NULL;NULL;NULL;LV2.105_MV1.101_eq;5
MV1.101 grid at LV2.106;MV1.101 Bus 16;vavm;1;NULL;NULL;NULL;NULL;NULL;NULL;NULL;LV2.106_MV1.101_eq;5
MV1.101 grid at LV2.107;MV1.101 Bus 18;vavm;1;NULL;NULL;NULL;NULL;NULL;NULL;NULL;LV2.107_MV1.101_eq;5
MV1.101 grid at LV2.108;MV1.101 Bus 23;vavm;1;NULL;NULL;NULL;NULL;NULL;NULL;NULL;LV2.108_MV1.101_eq;5
MV1.101 grid at LV2.109;MV1.101 Bus 24;vavm;1;NULL;NULL;NULL;NULL;NULL;NULL;NULL;LV2.109_MV1.101_eq;5
MV1.101 grid at LV2.110;MV1.101 Bus 26;vavm;1;NULL;NULL;NULL;NULL;NULL;NULL;NULL;LV2.110_MV1.101_eq;5
MV1.101 grid at LV2.111;MV1.101 Bus 31;vavm;1;NULL;NULL;NULL;NULL;NULL;NULL;NULL;LV2.111_MV1.101_eq;5
MV1.101 grid at LV2.112;MV1.101 Bus 32;vavm;1;NULL;NULL;NULL;NULL;NULL;NULL;NULL;LV2.112_MV1.101_eq;5
MV1.101 grid at LV2.113;MV1.101 Bus 33;vavm;1;NULL;NULL;NULL;NULL;NULL;NULL;NULL;LV2.113_MV1.101_eq;5
MV1.101 grid at LV2.114;MV1.101 Bus 34;vavm;1;NULL;NULL;NULL;NULL;NULL;NULL;NULL;LV2.114_MV1.101_eq;5
MV1.101 grid at LV2.115;MV1.101 Bus 35;vavm;1;NULL;NULL;NULL;NULL;NULL;NULL;NULL;LV2.115_MV1.101_eq;5
MV1.101 grid at LV2.116;MV1.101 Bus 36;vavm;1;NULL;NULL;NULL;NULL;NULL;NULL;NULL;LV2.116_MV1.101_eq;5
MV1.101 grid at LV2.117;MV1.101 Bus 37;vavm;1;NULL;NULL;NULL;NULL;NULL;NULL;NULL;LV2.117_MV1.101_eq;5
MV1.101 grid at LV2.118;MV1.101 Bus 38;vavm;1;NULL;NULL;NULL;NULL;NULL;NULL;NULL;LV2.118_MV1.101_eq;5
MV1.101 grid at LV2.119;MV1.101 Bus 39;vavm;1;NULL;NULL;NULL;NULL;NULL;NULL;NULL;LV2.119_MV1.101_eq;5
MV1.101 grid at LV2.120;MV1.101 Bus 42;vavm;1;NULL;NULL;NULL;NULL;NULL;NULL;NULL;LV2.120_MV1.101_eq;5
MV1.101 grid at LV2.121;MV1.101 Bus 49;vavm;1;NULL;NULL;NULL;NULL;NULL;NULL;NULL;LV2.121_MV1.101_eq;5
MV1.101 grid at LV2.122;MV1.101 Bus 50;vavm;1;NULL;NULL;NULL;NULL;NULL;NULL;NULL;LV2.122_MV1.101_eq;5
MV1.101 grid at LV2.123;MV1.101 Bus 51;vavm;1;NULL;NULL;NULL;NULL;NULL;NULL;NULL;LV2.123_MV1.101_eq;5
MV1.101 grid at LV2.124;MV1.101 Bus 57;vavm;1;NULL;NULL;NULL;NULL;NULL;NULL;NULL;LV2.124_MV1.101_eq;5
MV1.101 grid at LV2.125;MV1.101 Bus 62;vavm;1;NULL;NULL;NULL;NULL;NULL;NULL;NULL;LV2.125_MV1.101_eq;5
MV1.101 grid at LV2.126;MV1.101 Bus 64;vavm;1;NULL;NULL;NULL;NULL;NULL;NULL;NULL;LV2.126_MV1.101_eq;5
MV1.101 grid at LV2.127;MV1.101 Bus 67;vavm;1;NULL;NULL;NULL;NULL;NULL;NULL;NULL;LV2.127_MV1.101_eq;5
MV1.101 grid at LV2.128;MV1.101 Bus 71;vavm;1;NULL;NULL;NULL;NULL;NULL;NULL;NULL;LV2.128_MV1.101_eq;5
MV1.101 grid at LV2.129;MV1.101 Bus 78;vavm;1;NULL;NULL;NULL;NULL;NULL;NULL;NULL;LV2.129_MV1.101_eq;5
MV1.101 grid at LV2.130;MV1.101 Bus 79;vavm;1;NULL;NULL;NULL;NULL;NULL;NULL;NULL;LV2.130_MV1.101_eq;5
MV1.101 grid at LV2.131;MV1.101 Bus 81;vavm;1;NULL;NULL;NULL;NULL;NULL;NULL;NULL;LV2.131_MV1.101_eq;5
MV1.101 grid at LV2.132;MV1.101 Bus 84;vavm;1;NULL;NULL;NULL;NULL;NULL;NULL;NULL;LV2.132_MV1.101_eq;5
MV1.101 grid at LV2.133;MV1.101 Bus 85;vavm;1;NULL;NULL;NULL;NULL;NULL;NULL;NULL;LV2.133_MV1.101_eq;5
MV1.101 grid at LV2.134;MV1.101 Bus 86;vavm;1;NULL;NULL;NULL;NULL;NULL;NULL;NULL;LV2.134_MV1.101_eq;5
MV1.101 grid at LV2.135;MV1.101 Bus 93;vavm;1;NULL;NULL;NULL;NULL;NULL;NULL;NULL;LV2.135_MV1.101_eq;5
MV1.101 grid at LV2.136;MV1.101 Bus 94;vavm;1;NULL;NULL;NULL;NULL;NULL;NULL;NULL;LV2.136_MV1.101_eq;5
MV1.101 grid at LV2.137;MV1.101 Bus 95;vavm;1;NULL;NULL;NULL;NULL;NULL;NULL;NULL;LV2.137_MV1.101_eq;5
MV1.101 grid at LV3.101;MV1.101 Bus 12;vavm;1;NULL;NULL;NULL;NULL;NULL;NULL;NULL;LV3.101_MV1.101_eq;5
MV1.101 grid at LV3.102;MV1.101 Bus 17;vavm;1;NULL;NULL;NULL;NULL;NULL;NULL;NULL;LV3.102_MV1.101_eq;5
MV1.101 grid at LV3.103;MV1.101 Bus 72;vavm;1;NULL;NULL;NULL;NULL;NULL;NULL;NULL;LV3.103_MV1.101_eq;5
MV1.101 grid at LV3.104;MV1.101 Bus 74;vavm;1;NULL;NULL;NULL;NULL;NULL;NULL;NULL;LV3.104_MV1.101_eq;5
MV1.101 grid at LV3.105;MV1.101 Bus 80;vavm;1;NULL;NULL;NULL;NULL;NULL;NULL;NULL;LV3.105_MV1.101_eq;5
MV1.101 grid at LV3.106;MV1.101 Bus 82;vavm;1;NULL;NULL;NULL;NULL;NULL;NULL;NULL;LV3.106_MV1.101_eq;5
MV1.101 grid at LV3.107;MV1.101 Bus 83;vavm;1;NULL;NULL;NULL;NULL;NULL;NULL;NULL;LV3.107_MV1.101_eq;5
MV1.101 grid at LV4.101;MV1.101 Bus 52;vavm;1;NULL;NULL;NULL;NULL;NULL;NULL;NULL;LV4.101_MV1.101_eq;5
MV1.101 grid at LV4.102;MV1.101 Bus 53;vavm;1;NULL;NULL;NULL;NULL;NULL;NULL;NULL;LV4.102_MV1.101_eq;5
MV1.101 grid at LV4.103;MV1.101 Bus 54;vavm;1;NULL;NULL;NULL;NULL;NULL;NULL;NULL;LV4.103_MV1.101_eq;5
MV1.101 grid at LV4.104;MV1.101 Bus 55;vavm;1;NULL;NULL;NULL;NULL;NULL;NULL;NULL;LV4.104_MV1.101_eq;5
MV1.101 grid at LV4.105;MV1.101 Bus 56;vavm;1;NULL;NULL;NULL;NULL;NULL;NULL;NULL;LV4.105_MV1.101_eq;5
MV1.101 grid at LV4.106;MV1.101 Bus 60;vavm;1;NULL;NULL;NULL;NULL;NULL;NULL;NULL;LV4.106_MV1.101_eq;5
MV1.101 grid at LV4.107;MV1.101 Bus 61;vavm;1;NULL;NULL;NULL;NULL;NULL;NULL;NULL;LV4.107_MV1.101_eq;5
MV1.101 grid at LV4.108;MV1.101 Bus 65;vavm;1;NULL;NULL;NULL;NULL;NULL;NULL;NULL;LV4.108_MV1.101_eq;5
MV1.101 grid at LV4.109;MV1.101 Bus 66;vavm;1;NULL;NULL;NULL;NULL;NULL;NULL;NULL;LV4.109_MV1.101_eq;5
MV1.101 grid at LV4.110;MV1.101 Bus 73;vavm;1;NULL;NULL;NULL;NULL;NULL;NULL;NULL;LV4.110_MV1.101_eq;5
MV2.101 grid at LV1.201;MV2.101 Bus 65;vavm;1;NULL;NULL;NULL;NULL;NULL;NULL;NULL;LV1.201_MV2.101_eq;5
MV2.101 grid at LV1.202;MV2.101 Bus 66;vavm;1;NULL;NULL;NULL;NULL;NULL;NULL;NULL;LV1.202_MV2.101_eq;5
MV2.101 grid at LV1.203;MV2.101 Bus 67;vavm;1;NULL;NULL;NULL;NULL;NULL;NULL;NULL;LV1.203_MV2.101_eq;5
MV2.101 grid at LV1.204;MV2.101 Bus 69;vavm;1;NULL;NULL;NULL;NULL;NULL;NULL;NULL;LV1.204_MV2.101_eq;5
MV2.101 grid at LV1.205;MV2.101 Bus 74;vavm;1;NULL;NULL;NULL;NULL;NULL;NULL;NULL;LV1.205_MV2.101_eq;5
MV2.101 grid at LV1.206;MV2.101 Bus 114;vavm;1;NULL;NULL;NULL;NULL;NULL;NULL;NULL;LV1.206_MV2.101_eq;5
MV2.101 grid at LV2.201;MV2.101 Bus 10;vavm;1;NULL;NULL;NULL;NULL;NULL;NULL;NULL;LV2.201_MV2.101_eq;5
MV2.101 grid at LV2.202;MV2.101 Bus 30;vavm;1;NULL;NULL;NULL;NULL;NULL;NULL;NULL;LV2.202_MV2.101_eq;5
MV2.101 grid at LV2.203;MV2.101 Bus 31;vavm;1;NULL;NULL;NULL;NULL;NULL;NULL;NULL;LV2.203_MV2.101_eq;5
MV2.101 grid at LV2.204;MV2.101 Bus 36;vavm;1;NULL;NULL;NULL;NULL;NULL;NULL;NULL;LV2.204_MV2.101_eq;5
MV2.101 grid at LV2.205;MV2.101 Bus 37;vavm;1;NULL;NULL;NULL;NULL;NULL;NULL;NULL;LV2.205_MV2.101_eq;5
MV2.101 grid at LV2.206;MV2.101 Bus 38;vavm;1;NULL;NULL;NULL;NULL;NULL;NULL;NULL;LV2.206_MV2.101_eq;5
MV2.101 grid at LV2.207;MV2.101 Bus 39;vavm;1;NULL;NULL;NULL;NULL;NULL;NULL;NULL;LV2.207_MV2.101_eq;5
MV2.101 grid at LV2.208;MV2.101 Bus 40;vavm;1;NULL;NULL;NULL;NULL;NULL;NULL;NULL;LV2.208_MV2.101_eq;5
MV2.101 grid at LV2.209;MV2.101 Bus 41;vavm;1;NULL;NULL;NULL;NULL;NULL;NULL;NULL;LV2.209_MV2.101_eq;5
MV2.101 grid at LV2.210;MV2.101 Bus 46;vavm;1;NULL;NULL;NULL;NULL;NULL;NULL;NULL;LV2.210_MV2.101_eq;5
MV2.101 grid at LV2.211;MV2.101 Bus 48;vavm;1;NULL;NULL;NULL;NULL;NULL;NULL;NULL;LV2.211_MV2.101_eq;5
MV2.101 grid at LV2.212;MV2.101 Bus 54;vavm;1;NULL;NULL;NULL;NULL;NULL;NULL;NULL;LV2.212_MV2.101_eq;5
MV2.101 grid at LV2.213;MV2.101 Bus 55;vavm;1;NULL;NULL;NULL;NULL;NULL;NULL;NULL;LV2.213_MV2.101_eq;5
MV2.101 grid at LV2.214;MV2.101 Bus 56;vavm;1;NULL;NULL;NULL;NULL;NULL;NULL;NULL;LV2.214_MV2.101_eq;5
MV2.101 grid at LV2.215;MV2.101 Bus 64;vavm;1;NULL;NULL;NULL;NULL;NULL;NULL;NULL;LV2.215_MV2.101_eq;5
MV2.101 grid at LV2.216;MV2.101 Bus 68;vavm;1;NULL;NULL;NULL;NULL;NULL;NULL;NULL;LV2.216_MV2.101_eq;5
MV2.101 grid at LV2.217;MV2.101 Bus 75;vavm;1;NULL;NULL;NULL;NULL;NULL;NULL;NULL;LV2.217_MV2.101_eq;5
MV2.101 grid at LV2.218;MV2.101 Bus 76;vavm;1;NULL;NULL;NULL;NULL;NULL;NULL;NULL;LV2.218_MV2.101_eq;5
MV2.101 grid at LV2.219;MV2.101 Bus 77;vavm;1;NULL;NULL;NULL;NULL;NULL;NULL;NULL;LV2.219_MV2.101_eq;5
MV2.101 grid at LV2.220;MV2.101 Bus 78;vavm;1;NULL;NULL;NULL;NULL;NULL;NULL;NULL;LV2.220_MV2.101_eq;5
MV2.101 grid at LV2.221;MV2.101 Bus 82;vavm;1;NULL;NULL;NULL;NULL;NULL;NULL;NULL;LV2.221_MV2.101_eq;5
MV2.101 grid at LV2.222;MV2.101 Bus 83;vavm;1;NULL;NULL;NULL;NULL;NULL;NULL;NULL;LV2.222_MV2.101_eq;5
MV2.101 grid at LV2.223;MV2.101 Bus 108;vavm;1;NULL;NULL;NULL;NULL;NULL;NULL;NULL;LV2.223_MV2.101_eq;5
MV2.101 grid at LV2.224;MV2.101 Bus 109;vavm;1;NULL;NULL;NULL;NULL;NULL;NULL;NULL;LV2.224_MV2.101_eq;5
MV2.101 grid at LV2.225;MV2.101 Bus 113;vavm;1;NULL;NULL;NULL;NULL;NULL;NULL;NULL;LV2.225_MV2.101_eq;5
MV2.101 grid at LV3.201;MV2.101 Bus 12;vavm;1;NULL;NULL;NULL;NULL;NULL;NULL;NULL;LV3.201_MV2.101_eq;5
MV2.101 grid at LV3.202;MV2.101 Bus 24;vavm;1;NULL;NULL;NULL;NULL;NULL;NULL;NULL;LV3.202_MV2.101_eq;5
MV2.101 grid at LV3.203;MV2.101 Bus 25;vavm;1;NULL;NULL;NULL;NULL;NULL;NULL;NULL;LV3.203_MV2.101_eq;5
MV2.101 grid at LV3.204;MV2.101 Bus 29;vavm;1;NULL;NULL;NULL;NULL;NULL;NULL;NULL;LV3.204_MV2.101_eq;5
MV2.101 grid at LV3.205;MV2.101 Bus 32;vavm;1;NULL;NULL;NULL;NULL;NULL;NULL;NULL;LV3.205_MV2.101_eq;5
MV2.101 grid at LV3.206;MV2.101 Bus 35;vavm;1;NULL;NULL;NULL;NULL;NULL;NULL;NULL;LV3.206_MV2.101_eq;5
MV2.101 grid at LV3.207;MV2.101 Bus 43;vavm;1;NULL;NULL;NULL;NULL;NULL;NULL;NULL;LV3.207_MV2.101_eq;5
MV2.101 grid at LV3.208;MV2.101 Bus 45;vavm;1;NULL;NULL;NULL;NULL;NULL;NULL;NULL;LV3.208_MV2.101_eq;5
MV2.101 grid at LV3.209;MV2.101 Bus 58;vavm;1;NULL;NULL;NULL;NULL;NULL;NULL;NULL;LV3.209_MV2.101_eq;5
MV2.101 grid at LV3.210;MV2.101 Bus 63;vavm;1;NULL;NULL;NULL;NULL;NULL;NULL;NULL;LV3.210_MV2.101_eq;5
MV2.101 grid at LV3.211;MV2.101 Bus 72;vavm;1;NULL;NULL;NULL;NULL;NULL;NULL;NULL;LV3.211_MV2.101_eq;5
MV2.101 grid at LV3.212;MV2.101 Bus 73;vavm;1;NULL;NULL;NULL;NULL;NULL;NULL;NULL;LV3.212_MV2.101_eq;5
MV2.101 grid at LV3.213;MV2.101 Bus 84;vavm;1;NULL;NULL;NULL;NULL;NULL;NULL;NULL;LV3.213_MV2.101_eq;5
MV2.101 grid at LV3.214;MV2.101 Bus 85;vavm;1;NULL;NULL;NULL;NULL;NULL;NULL;NULL;LV3.214_MV2.101_eq;5
MV2.101 grid at LV3.215;MV2.101 Bus 101;vavm;1;NULL;NULL;NULL;NULL;NULL;NULL;NULL;LV3.215_MV2.101_eq;5
MV2.101 grid at LV3.216;MV2.101 Bus 111;vavm;1;NULL;NULL;NULL;NULL;NULL;NULL;NULL;LV3.216_MV2.101_eq;5
MV2.101 grid at LV3.217;MV2.101 Bus 115;vavm;1;NULL;NULL;NULL;NULL;NULL;NULL;NULL;LV3.217_MV2.101_eq;5
MV2.101 grid at LV3.218;MV2.101 Bus 116;vavm;1;NULL;NULL;NULL;NULL;NULL;NULL;NULL;LV3.218_MV2.101_eq;5
MV2.101 grid at LV4.201;MV2.101 Bus 7;vavm;1;NULL;NULL;NULL;NULL;NULL;NULL;NULL;LV4.201_MV2.101_eq;5
MV2.101 grid at LV4.202;MV2.101 Bus 8;vavm;1;NULL;NULL;NULL;NULL;NULL;NULL;NULL;LV4.202_MV2.101_eq;5
MV2.101 grid at LV4.203;MV2.101 Bus 11;vavm;1;NULL;NULL;NULL;NULL;NULL;NULL;NULL;LV4.203_MV2.101_eq;5
MV2.101 grid at LV4.204;MV2.101 Bus 13;vavm;1;NULL;NULL;NULL;NULL;NULL;NULL;NULL;LV4.204_MV2.101_eq;5
MV2.101 grid at LV4.205;MV2.101 Bus 19;vavm;1;NULL;NULL;NULL;NULL;NULL;NULL;NULL;LV4.205_MV2.101_eq;5
MV2.101 grid at LV4.206;MV2.101 Bus 20;vavm;1;NULL;NULL;NULL;NULL;NULL;NULL;NULL;LV4.206_MV2.101_eq;5
MV2.101 grid at LV4.207;MV2.101 Bus 23;vavm;1;NULL;NULL;NULL;NULL;NULL;NULL;NULL;LV4.207_MV2.101_eq;5
MV2.101 grid at LV4.208;MV2.101 Bus 26;vavm;1;NULL;NULL;NULL;NULL;NULL;NULL;NULL;LV4.208_MV2.101_eq;5
MV2.101 grid at LV4.209;MV2.101 Bus 27;vavm;1;NULL;NULL;NULL;NULL;NULL;NULL;NULL;LV4.209_MV2.101_eq;5
MV2.101 grid at LV4.210;MV2.101 Bus 28;vavm;1;NULL;NULL;NULL;NULL;NULL;NULL;NULL;LV4.210_MV2.101_eq;5
MV2.101 grid at LV4.211;MV2.101 Bus 33;vavm;1;NULL;NULL;NULL;NULL;NULL;NULL;NULL;LV4.211_MV2.101_eq;5
MV2.101 grid at LV4.212;MV2.101 Bus 34;vavm;1;NULL;NULL;NULL;NULL;NULL;NULL;NULL;LV4.212_MV2.101_eq;5
MV2.101 grid at LV4.213;MV2.101 Bus 42;vavm;1;NULL;NULL;NULL;NULL;NULL;NULL;NULL;LV4.213_MV2.101_eq;5
MV2.101 grid at LV4.214;MV2.101 Bus 44;vavm;1;NULL;NULL;NULL;NULL;NULL;NULL;NULL;LV4.214_MV2.101_eq;5
MV2.101 grid at LV4.215;MV2.101 Bus 47;vavm;1;NULL;NULL;NULL;NULL;NULL;NULL;NULL;LV4.215_MV2.101_eq;5
MV2.101 grid at LV4.216;MV2.101 Bus 49;vavm;1;NULL;NULL;NULL;NULL;NULL;NULL;NULL;LV4.216_MV2.101_eq;5
MV2.101 grid at LV4.217;MV2.101 Bus 50;vavm;1;NULL;NULL;NULL;NULL;NULL;NULL;NULL;LV4.217_MV2.101_eq;5
MV2.101 grid at LV4.218;MV2.101 Bus 51;vavm;1;NULL;NULL;NULL;NULL;NULL;NULL;NULL;LV4.218_MV2.101_eq;5
MV2.101 grid at LV4.219;MV2.101 Bus 52;vavm;1;NULL;NULL;NULL;NULL;NULL;NULL;NULL;LV4.219_MV2.101_eq;5
MV2.101 grid at LV4.220;MV2.101 Bus 53;vavm;1;NULL;NULL;NULL;NULL;NULL;NULL;NULL;LV4.220_MV2.101_eq;5
MV2.101 grid at LV4.221;MV2.101 Bus 57;vavm;1;NULL;NULL;NULL;NULL;NULL;NULL;NULL;LV4.221_MV2.101_eq;5
MV2.101 grid at LV4.222;MV2.101 Bus 59;vavm;1;NULL;NULL;NULL;NULL;NULL;NULL;NULL;LV4.222_MV2.101_eq;5
MV2.101 grid at LV4.223;MV2.101 Bus 60;vavm;1;NULL;NULL;NULL;NULL;NULL;NULL;NULL;LV4.223_MV2.101_eq;5
MV2.101 grid at LV4.224;MV2.101 Bus 62;vavm;1;NULL;NULL;NULL;NULL;NULL;NULL;NULL;LV4.224_MV2.101_eq;5
MV2.101 grid at LV4.225;MV2.101 Bus 71;vavm;1;NULL;NULL;NULL;NULL;NULL;NULL;NULL;LV4.225_MV2.101_eq;5
MV2.101 grid at LV4.226;MV2.101 Bus 79;vavm;1;NULL;NULL;NULL;NULL;NULL;NULL;NULL;LV4.226_MV2.101_eq;5
MV2.101 grid at LV4.227;MV2.101 Bus 86;vavm;1;NULL;NULL;NULL;NULL;NULL;NULL;NULL;LV4.227_MV2.101_eq;5
MV2.101 grid at LV4.228;MV2.101 Bus 94;vavm;1;NULL;NULL;NULL;NULL;NULL;NULL;NULL;LV4.228_MV2.101_eq;5
MV2.101 grid at LV4.229;MV2.101 Bus 96;vavm;1;NULL;NULL;NULL;NULL;NULL;NULL;NULL;LV4.229_MV2.101_eq;5
MV2.101 grid at LV4.230;MV2.101 Bus 97;vavm;1;NULL;NULL;NULL;NULL;NULL;NULL;NULL;LV4.230_MV2.101_eq;5
MV2.101 grid at LV4.231;MV2.101 Bus 99;vavm;1;NULL;NULL;NULL;NULL;NULL;NULL;NULL;LV4.231_MV2.101_eq;5
MV2.101 grid at LV4.232;MV2.101 Bus 103;vavm;1;NULL;NULL;NULL;NULL;NULL;NULL;NULL;LV4.232_MV2.101_eq;5
MV2.101 grid at LV4.233;MV2.101 Bus 104;vavm;1;NULL;NULL;NULL;NULL;NULL;NULL;NULL;LV4.233_MV2.101_eq;5
MV2.101 grid at LV4.234;MV2.101 Bus 106;vavm;1;NULL;NULL;NULL;NULL;NULL;NULL;NULL;LV4.234_MV2.101_eq;5
MV2.101 grid at LV4.235;MV2.101 Bus 110;vavm;1;NULL;NULL;NULL;NULL;NULL;NULL;NULL;LV4.235_MV2.101_eq;5
MV2.101 grid at LV4.236;MV2.101 Bus 112;vavm;1;NULL;NULL;NULL;NULL;NULL;NULL;NULL;LV4.236_MV2.101_eq;5
MV2.101 grid at LV5.201;MV2.101 Bus 5;vavm;1;NULL;NULL;NULL;NULL;NULL;NULL;NULL;LV5.201_MV2.101_eq;5
MV2.101 grid at LV5.202;MV2.101 Bus 6;vavm;1;NULL;NULL;NULL;NULL;NULL;NULL;NULL;LV5.202_MV2.101_eq;5
MV2.101 grid at LV5.203;MV2.101 Bus 9;vavm;1;NULL;NULL;NULL;NULL;NULL;NULL;NULL;LV5.203_MV2.101_eq;5
MV2.101 grid at LV5.204;MV2.101 Bus 14;vavm;1;NULL;NULL;NULL;NULL;NULL;NULL;NULL;LV5.204_MV2.101_eq;5
MV2.101 grid at LV5.205;MV2.101 Bus 15;vavm;1;NULL;NULL;NULL;NULL;NULL;NULL;NULL;LV5.205_MV2.101_eq;5
MV2.101 grid at LV5.206;MV2.101 Bus 16;vavm;1;NULL;NULL;NULL;NULL;NULL;NULL;NULL;LV5.206_MV2.101_eq;5
MV2.101 grid at LV5.207;MV2.101 Bus 17;vavm;1;NULL;NULL;NULL;NULL;NULL;NULL;NULL;LV5.207_MV2.101_eq;5
MV2.101 grid at LV5.208;MV2.101 Bus 18;vavm;1;NULL;NULL;NULL;NULL;NULL;NULL;NULL;LV5.208_MV2.101_eq;5
MV2.101 grid at LV5.209;MV2.101 Bus 21;vavm;1;NULL;NULL;NULL;NULL;NULL;NULL;NULL;LV5.209_MV2.101_eq;5
MV2.101 grid at LV5.210;MV2.101 Bus 22;vavm;1;NULL;NULL;NULL;NULL;NULL;NULL;NULL;LV5.210_MV2.101_eq;5
MV2.101 grid at LV5.211;MV2.101 Bus 70;vavm;1;NULL;NULL;NULL;NULL;NULL;NULL;NULL;LV5.211_MV2.101_eq;5
MV2.101 grid at LV5.212;MV2.101 Bus 80;vavm;1;NULL;NULL;NULL;NULL;NULL;NULL;NULL;LV5.212_MV2.101_eq;5
MV2.101 grid at LV5.213;MV2.101 Bus 81;vavm;1;NULL;NULL;NULL;NULL;NULL;NULL;NULL;LV5.213_MV2.101_eq;5
MV2.101 grid at LV5.214;MV2.101 Bus 88;vavm;1;NULL;NULL;NULL;NULL;NULL;NULL;NULL;LV5.214_MV2.101_eq;5
MV2.101 grid at LV5.215;MV2.101 Bus 89;vavm;1;NULL;NULL;NULL;NULL;NULL;NULL;NULL;LV5.215_MV2.101_eq;5
MV2.101 grid at LV5.216;MV2.101 Bus 90;vavm;1;NULL;NULL;NULL;NULL;NULL;NULL;NULL;LV5.216_MV2.101_eq;5
MV2.101 grid at LV5.217;MV2.101 Bus 91;vavm;1;NULL;NULL;NULL;NULL;NULL;NULL;NULL;LV5.217_MV2.101_eq;5
MV2.101 grid at LV5.218;MV2.101 Bus 92;vavm;1;NULL;NULL;NULL;NULL;NULL;NULL;NULL;LV5.218_MV2.101_eq;5
MV2.101 grid at LV5.219;MV2.101 Bus 93;vavm;1;NULL;NULL;NULL;NULL;NULL;NULL;NULL;LV5.219_MV2.101_eq;5
MV2.101 grid at LV5.220;MV2.101 Bus 95;vavm;1;NULL;NULL;NULL;NULL;NULL;NULL;NULL;LV5.220_MV2.101_eq;5
MV2.101 grid at LV5.221;MV2.101 Bus 98;vavm;1;NULL;NULL;NULL;NULL;NULL;NULL;NULL;LV5.221_MV2.101_eq;5
MV2.101 grid at LV5.222;MV2.101 Bus 102;vavm;1;NULL;NULL;NULL;NULL;NULL;NULL;NULL;LV5.222_MV2.101_eq;5
MV2.101 grid at LV5.223;MV2.101 Bus 105;vavm;1;NULL;NULL;NULL;NULL;NULL;NULL;NULL;LV5.223_MV2.101_eq;5
MV2.101 grid at LV6.201;MV2.101 Bus 4;vavm;1;NULL;NULL;NULL;NULL;NULL;NULL;NULL;LV6.201_MV2.101_eq;5
MV2.101 grid at LV6.202;MV2.101 Bus 87;vavm;1;NULL;NULL;NULL;NULL;NULL;NULL;NULL;LV6.202_MV2.101_eq;5
MV3.101 grid at LV3.301;MV3.101 Bus 119;vavm;1;NULL;NULL;NULL;NULL;NULL;NULL;NULL;LV3.301_MV3.101_eq;5
MV3.101 grid at LV3.302;MV3.101 Bus 120;vavm;1;NULL;NULL;NULL;NULL;NULL;NULL;NULL;LV3.302_MV3.101_eq;5
MV3.101 grid at LV3.303;MV3.101 Bus 121;vavm;1;NULL;NULL;NULL;NULL;NULL;NULL;NULL;LV3.303_MV3.101_eq;5
MV3.101 grid at LV3.304;MV3.101 Bus 125;vavm;1;NULL;NULL;NULL;NULL;NULL;NULL;NULL;LV3.304_MV3.101_eq;5
MV3.101 grid at LV3.305;MV3.101 Bus 132;vavm;1;NULL;NULL;NULL;NULL;NULL;NULL;NULL;LV3.305_MV3.101_eq;5
MV3.101 grid at LV3.306;MV3.101 Bus 134;vavm;1;NULL;NULL;NULL;NULL;NULL;NULL;NULL;LV3.306_MV3.101_eq;5
MV3.101 grid at LV3.307;MV3.101 Bus 138;vavm;1;NULL;NULL;NULL;NULL;NULL;NULL;NULL;LV3.307_MV3.101_eq;5
MV3.101 grid at LV3.308;MV3.101 Bus 141;vavm;1;NULL;NULL;NULL;NULL;NULL;NULL;NULL;LV3.308_MV3.101_eq;5
MV3.101 grid at LV3.309;MV3.101 Bus 143;vavm;1;NULL;NULL;NULL;NULL;NULL;NULL;NULL;LV3.309_MV3.101_eq;5
MV3.101 grid at LV4.301;MV3.101 Bus 11;vavm;1;NULL;NULL;NULL;NULL;NULL;NULL;NULL;LV4.301_MV3.101_eq;5
MV3.101 grid at LV4.302;MV3.101 Bus 12;vavm;1;NULL;NULL;NULL;NULL;NULL;NULL;NULL;LV4.302_MV3.101_eq;5
MV3.101 grid at LV4.303;MV3.101 Bus 14;vavm;1;NULL;NULL;NULL;NULL;NULL;NULL;NULL;LV4.303_MV3.101_eq;5
MV3.101 grid at LV4.304;MV3.101 Bus 15;vavm;1;NULL;NULL;NULL;NULL;NULL;NULL;NULL;LV4.304_MV3.101_eq;5
MV3.101 grid at LV4.305;MV3.101 Bus 20;vavm;1;NULL;NULL;NULL;NULL;NULL;NULL;NULL;LV4.305_MV3.101_eq;5
MV3.101 grid at LV4.306;MV3.101 Bus 22;vavm;1;NULL;NULL;NULL;NULL;NULL;NULL;NULL;LV4.306_MV3.101_eq;5
MV3.101 grid at LV4.307;MV3.101 Bus 25;vavm;1;NULL;NULL;NULL;NULL;NULL;NULL;NULL;LV4.307_MV3.101_eq;5
MV3.101 grid at LV4.308;MV3.101 Bus 26;vavm;1;NULL;NULL;NULL;NULL;NULL;NULL;NULL;LV4.308_MV3.101_eq;5
MV3.101 grid at LV4.309;MV3.101 Bus 28;vavm;1;NULL;NULL;NULL;NULL;NULL;NULL;NULL;LV4.309_MV3.101_eq;5
MV3.101 grid at LV4.310;MV3.101 Bus 29;vavm;1;NULL;NULL;NULL;NULL;NULL;NULL;NULL;LV4.310_MV3.101_eq;5
MV3.101 grid at LV4.311;MV3.101 Bus 30;vavm;1;NULL;NULL;NULL;NULL;NULL;NULL;NULL;LV4.311_MV3.101_eq;5
MV3.101 grid at LV4.312;MV3.101 Bus 33;vavm;1;NULL;NULL;NULL;NULL;NULL;NULL;NULL;LV4.312_MV3.101_eq;5
MV3.101 grid at LV4.313;MV3.101 Bus 38;vavm;1;NULL;NULL;NULL;NULL;NULL;NULL;NULL;LV4.313_MV3.101_eq;5
MV3.101 grid at LV4.314;MV3.101 Bus 39;vavm;1;NULL;NULL;NULL;NULL;NULL;NULL;NULL;LV4.314_MV3.101_eq;5
MV3.101 grid at LV4.315;MV3.101 Bus 45;vavm;1;NULL;NULL;NULL;NULL;NULL;NULL;NULL;LV4.315_MV3.101_eq;5
MV3.101 grid at LV4.316;MV3.101 Bus 60;vavm;1;NULL;NULL;NULL;NULL;NULL;NULL;NULL;LV4.316_MV3.101_eq;5
MV3.101 grid at LV4.317;MV3.101 Bus 62;vavm;1;NULL;NULL;NULL;NULL;NULL;NULL;NULL;LV4.317_MV3.101_eq;5
MV3.101 grid at LV4.318;MV3.101 Bus 67;vavm;1;NULL;NULL;NULL;NULL;NULL;NULL;NULL;LV4.318_MV3.101_eq;5
MV3.101 grid at LV4.319;MV3.101 Bus 74;vavm;1;NULL;NULL;NULL;NULL;NULL;NULL;NULL;LV4.319_MV3.101_eq;5
MV3.101 grid at LV4.320;MV3.101 Bus 75;vavm;1;NULL;NULL;NULL;NULL;NULL;NULL;NULL;LV4.320_MV3.101_eq;5
MV3.101 grid at LV4.321;MV3.101 Bus 78;vavm;1;NULL;NULL;NULL;NULL;NULL;NULL;NULL;LV4.321_MV3.101_eq;5
MV3.101 grid at LV4.322;MV3.101 Bus 79;vavm;1;NULL;NULL;NULL;NULL;NULL;NULL;NULL;LV4.322_MV3.101_eq;5
MV3.101 grid at LV4.323;MV3.101 Bus 91;vavm;1;NULL;NULL;NULL;NULL;NULL;NULL;NULL;LV4.323_MV3.101_eq;5
MV3.101 grid at LV4.324;MV3.101 Bus 95;vavm;1;NULL;NULL;NULL;NULL;NULL;NULL;NULL;LV4.324_MV3.101_eq;5
MV3.101 grid at LV4.325;MV3.101 Bus 97;vavm;1;NULL;NULL;NULL;NULL;NULL;NULL;NULL;LV4.325_MV3.101_eq;5
MV3.101 grid at LV4.326;MV3.101 Bus 102;vavm;1;NULL;NULL;NULL;NULL;NULL;NULL;NULL;LV4.326_MV3.101_eq;5
MV3.101 grid at LV4.327;MV3.101 Bus 103;vavm;1;NULL;NULL;NULL;NULL;NULL;NULL;NULL;LV4.327_MV3.101_eq;5
MV3.101 grid at LV4.328;MV3.101 Bus 104;vavm;1;NULL;NULL;NULL;NULL;NULL;NULL;NULL;LV4.328_MV3.101_eq;5
MV3.101 grid at LV4.329;MV3.101 Bus 106;vavm;1;NULL;NULL;NULL;NULL;NULL;NULL;NULL;LV4.329_MV3.101_eq;5
MV3.101 grid at LV4.330;MV3.101 Bus 107;vavm;1;NULL;NULL;NULL;NULL;NULL;NULL;NULL;LV4.330_MV3.101_eq;5
MV3.101 grid at LV4.331;MV3.101 Bus 109;vavm;1;NULL;NULL;NULL;NULL;NULL;NULL;NULL;LV4.331_MV3.101_eq;5
MV3.101 grid at LV4.332;MV3.101 Bus 113;vavm;1;NULL;NULL;NULL;NULL;NULL;NULL;NULL;LV4.332_MV3.101_eq;5
MV3.101 grid at LV4.333;MV3.101 Bus 122;vavm;1;NULL;NULL;NULL;NULL;NULL;NULL;NULL;LV4.333_MV3.101_eq;5
MV3.101 grid at LV4.334;MV3.101 Bus 124;vavm;1;NULL;NULL;NULL;NULL;NULL;NULL;NULL;LV4.334_MV3.101_eq;5
MV3.101 grid at LV4.335;MV3.101 Bus 129;vavm;1;NULL;NULL;NULL;NULL;NULL;NULL;NULL;LV4.335_MV3.101_eq;5
MV3.101 grid at LV4.336;MV3.101 Bus 131;vavm;1;NULL;NULL;NULL;NULL;NULL;NULL;NULL;LV4.336_MV3.101_eq;5
MV3.101 grid at LV4.337;MV3.101 Bus 133;vavm;1;NULL;NULL;NULL;NULL;NULL;NULL;NULL;LV4.337_MV3.101_eq;5
MV3.101 grid at LV4.338;MV3.101 Bus 136;vavm;1;NULL;NULL;NULL;NULL;NULL;NULL;NULL;LV4.338_MV3.101_eq;5
MV3.101 grid at LV4.339;MV3.101 Bus 137;vavm;1;NULL;NULL;NULL;NULL;NULL;NULL;NULL;LV4.339_MV3.101_eq;5
MV3.101 grid at LV4.340;MV3.101 Bus 139;vavm;1;NULL;NULL;NULL;NULL;NULL;NULL;NULL;LV4.340_MV3.101_eq;5
MV3.101 grid at LV4.341;MV3.101 Bus 140;vavm;1;NULL;NULL;NULL;NULL;NULL;NULL;NULL;LV4.341_MV3.101_eq;5
MV3.101 grid at LV4.342;MV3.101 Bus 142;vavm;1;NULL;NULL;NULL;NULL;NULL;NULL;NULL;LV4.342_MV3.101_eq;5
MV3.101 grid at LV5.301;MV3.101 Bus 16;vavm;1;NULL;NULL;NULL;NULL;NULL;NULL;NULL;LV5.301_MV3.101_eq;5
MV3.101 grid at LV5.302;MV3.101 Bus 17;vavm;1;NULL;NULL;NULL;NULL;NULL;NULL;NULL;LV5.302_MV3.101_eq;5
MV3.101 grid at LV5.303;MV3.101 Bus 19;vavm;1;NULL;NULL;NULL;NULL;NULL;NULL;NULL;LV5.303_MV3.101_eq;5
MV3.101 grid at LV5.304;MV3.101 Bus 23;vavm;1;NULL;NULL;NULL;NULL;NULL;NULL;NULL;LV5.304_MV3.101_eq;5
MV3.101 grid at LV5.305;MV3.101 Bus 24;vavm;1;NULL;NULL;NULL;NULL;NULL;NULL;NULL;LV5.305_MV3.101_eq;5
MV3.101 grid at LV5.306;MV3.101 Bus 27;vavm;1;NULL;NULL;NULL;NULL;NULL;NULL;NULL;LV5.306_MV3.101_eq;5
MV3.101 grid at LV5.307;MV3.101 Bus 31;vavm;1;NULL;NULL;NULL;NULL;NULL;NULL;NULL;LV5.307_MV3.101_eq;5
MV3.101 grid at LV5.308;MV3.101 Bus 34;vavm;1;NULL;NULL;NULL;NULL;NULL;NULL;NULL;LV5.308_MV3.101_eq;5
MV3.101 grid at LV5.309;MV3.101 Bus 40;vavm;1;NULL;NULL;NULL;NULL;NULL;NULL;NULL;LV5.309_MV3.101_eq;5
MV3.101 grid at LV5.310;MV3.101 Bus 41;vavm;1;NULL;NULL;NULL;NULL;NULL;NULL;NULL;LV5.310_MV3.101_eq;5
MV3.101 grid at LV5.311;MV3.101 Bus 42;vavm;1;NULL;NULL;NULL;NULL;NULL;NULL;NULL;LV5.311_MV3.101_eq;5
MV3.101 grid at LV5.312;MV3.101 Bus 43;vavm;1;NULL;NULL;NULL;NULL;NULL;NULL;NULL;LV5.312_MV3.101_eq;5
MV3.101 grid at LV5.313;MV3.101 Bus 44;vavm;1;NULL;NULL;NULL;NULL;NULL;NULL;NULL;LV5.313_MV3.101_eq;5
MV3.101 grid at LV5.314;MV3.101 Bus 46;vavm;1;NULL;NULL;NULL;NULL;NULL;NULL;NULL;LV5.314_MV3.101_eq;5
MV3.101 grid at LV5.315;MV3.101 Bus 47;vavm;1;NULL;NULL;NULL;NULL;NULL;NULL;NULL;LV5.315_MV3.101_eq;5
MV3.101 grid at LV5.316;MV3.101 Bus 48;vavm;1;NULL;NULL;NULL;NULL;NULL;NULL;NULL;LV5.316_MV3.101_eq;5
MV3.101 grid at LV5.317;MV3.101 Bus 51;vavm;1;NULL;NULL;NULL;NULL;NULL;NULL;NULL;LV5.317_MV3.101_eq;5
MV3.101 grid at LV5.318;MV3.101 Bus 54;vavm;1;NULL;NULL;NULL;NULL;NULL;NULL;NULL;LV5.318_MV3.101_eq;5
MV3.101 grid at LV5.319;MV3.101 Bus 55;vavm;1;NULL;NULL;NULL;NULL;NULL;NULL;NULL;LV5.319_MV3.101_eq;5
MV3.101 grid at LV5.320;MV3.101 Bus 59;vavm;1;NULL;NULL;NULL;NULL;NULL;NULL;NULL;LV5.320_MV3.101_eq;5
MV3.101 grid at LV5.321;MV3.101 Bus 64;vavm;1;NULL;NULL;NULL;NULL;NULL;NULL;NULL;LV5.321_MV3.101_eq;5
MV3.101 grid at LV5.322;MV3.101 Bus 71;vavm;1;NULL;NULL;NULL;NULL;NULL;NULL;NULL;LV5.322_MV3.101_eq;5
MV3.101 grid at LV5.323;MV3.101 Bus 72;vavm;1;NULL;NULL;NULL;NULL;NULL;NULL;NULL;LV5.323_MV3.101_eq;5
MV3.101 grid at LV5.324;MV3.101 Bus 73;vavm;1;NULL;NULL;NULL;NULL;NULL;NULL;NULL;LV5.324_MV3.101_eq;5
MV3.101 grid at LV5.325;MV3.101 Bus 77;vavm;1;NULL;NULL;NULL;NULL;NULL;NULL;NULL;LV5.325_MV3.101_eq;5
MV3.101 grid at LV5.326;MV3.101 Bus 81;vavm;1;NULL;NULL;NULL;NULL;NULL;NULL;NULL;LV5.326_MV3.101_eq;5
MV3.101 grid at LV5.327;MV3.101 Bus 82;vavm;1;NULL;NULL;NULL;NULL;NULL;NULL;NULL;LV5.327_MV3.101_eq;5
MV3.101 grid at LV5.328;MV3.101 Bus 84;vavm;1;NULL;NULL;NULL;NULL;NULL;NULL;NULL;LV5.328_MV3.101_eq;5
MV3.101 grid at LV5.329;MV3.101 Bus 85;vavm;1;NULL;NULL;NULL;NULL;NULL;NULL;NULL;LV5.329_MV3.101_eq;5
MV3.101 grid at LV5.330;MV3.101 Bus 86;vavm;1;NULL;NULL;NULL;NULL;NULL;NULL;NULL;LV5.330_MV3.101_eq;5
MV3.101 grid at LV5.331;MV3.101 Bus 88;vavm;1;NULL;NULL;NULL;NULL;NULL;NULL;NULL;LV5.331_MV3.101_eq;5
MV3.101 grid at LV5.332;MV3.101 Bus 90;vavm;1;NULL;NULL;NULL;NULL;NULL;NULL;NULL;LV5.332_MV3.101_eq;5
MV3.101 grid at LV5.333;MV3.101 Bus 96;vavm;1;NULL;NULL;NULL;NULL;NULL;NULL;NULL;LV5.333_MV3.101_eq;5
MV3.101 grid at LV5.334;MV3.101 Bus 98;vavm;1;NULL;NULL;NULL;NULL;NULL;NULL;NULL;LV5.334_MV3.101_eq;5
MV3.101 grid at LV5.335;MV3.101 Bus 99;vavm;1;NULL;NULL;NULL;NULL;NULL;NULL;NULL;LV5.335_MV3.101_eq;5
MV3.101 grid at LV5.336;MV3.101 Bus 101;vavm;1;NULL;NULL;NULL;NULL;NULL;NULL;NULL;LV5.336_MV3.101_eq;5
MV3.101 grid at LV5.337;MV3.101 Bus 105;vavm;1;NULL;NULL;NULL;NULL;NULL;NULL;NULL;LV5.337_MV3.101_eq;5
MV3.101 grid at LV5.338;MV3.101 Bus 108;vavm;1;NULL;NULL;NULL;NULL;NULL;NULL;NULL;LV5.338_MV3.101_eq;5
MV3.101 grid at LV5.339;MV3.101 Bus 110;vavm;1;NULL;NULL;NULL;NULL;NULL;NULL;NULL;LV5.339_MV3.101_eq;5
MV3.101 grid at LV5.340;MV3.101 Bus 111;vavm;1;NULL;NULL;NULL;NULL;NULL;NULL;NULL;LV5.340_MV3.101_eq;5
MV3.101 grid at LV5.341;MV3.101 Bus 112;vavm;1;NULL;NULL;NULL;NULL;NULL;NULL;NULL;LV5.341_MV3.101_eq;5
MV3.101 grid at LV5.342;MV3.101 Bus 115;vavm;1;NULL;NULL;NULL;NULL;NULL;NULL;NULL;LV5.342_MV3.101_eq;5
MV3.101 grid at LV5.343;MV3.101 Bus 117;vavm;1;NULL;NULL;NULL;NULL;NULL;NULL;NULL;LV5.343_MV3.101_eq;5
MV3.101 grid at LV5.344;MV3.101 Bus 118;vavm;1;NULL;NULL;NULL;NULL;NULL;NULL;NULL;LV5.344_MV3.101_eq;5
MV3.101 grid at LV5.345;MV3.101 Bus 123;vavm;1;NULL;NULL;NULL;NULL;NULL;NULL;NULL;LV5.345_MV3.101_eq;5
MV3.101 grid at LV5.346;MV3.101 Bus 126;vavm;1;NULL;NULL;NULL;NULL;NULL;NULL;NULL;LV5.346_MV3.101_eq;5
MV3.101 grid at LV5.347;MV3.101 Bus 127;vavm;1;NULL;NULL;NULL;NULL;NULL;NULL;NULL;LV5.347_MV3.101_eq;5
MV3.101 grid at LV5.348;MV3.101 Bus 128;vavm;1;NULL;NULL;NULL;NULL;NULL;NULL;NULL;LV5.348_MV3.101_eq;5
MV3.101 grid at LV5.349;MV3.101 Bus 130;vavm;1;NULL;NULL;NULL;NULL;NULL;NULL;NULL;LV5.349_MV3.101_eq;5
MV3.101 grid at LV5.350;MV3.101 Bus 135;vavm;1;NULL;NULL;NULL;NULL;NULL;NULL;NULL;LV5.350_MV3.101_eq;5
MV3.101 grid at LV6.301;MV3.101 Bus 13;vavm;1;NULL;NULL;NULL;NULL;NULL;NULL;NULL;LV6.301_MV3.101_eq;5
MV3.101 grid at LV6.302;MV3.101 Bus 18;vavm;1;NULL;NULL;NULL;NULL;NULL;NULL;NULL;LV6.302_MV3.101_eq;5
MV3.101 grid at LV6.303;MV3.101 Bus 21;vavm;1;NULL;NULL;NULL;NULL;NULL;NULL;NULL;LV6.303_MV3.101_eq;5
MV3.101 grid at LV6.304;MV3.101 Bus 32;vavm;1;NULL;NULL;NULL;NULL;NULL;NULL;NULL;LV6.304_MV3.101_eq;5
MV3.101 grid at LV6.305;MV3.101 Bus 35;vavm;1;NULL;NULL;NULL;NULL;NULL;NULL;NULL;LV6.305_MV3.101_eq;5
MV3.101 grid at LV6.306;MV3.101 Bus 36;vavm;1;NULL;NULL;NULL;NULL;NULL;NULL;NULL;LV6.306_MV3.101_eq;5
MV3.101 grid at LV6.307;MV3.101 Bus 37;vavm;1;NULL;NULL;NULL;NULL;NULL;NULL;NULL;LV6.307_MV3.101_eq;5
MV3.101 grid at LV6.308;MV3.101 Bus 49;vavm;1;NULL;NULL;NULL;NULL;NULL;NULL;NULL;LV6.308_MV3.101_eq;5
MV3.101 grid at LV6.309;MV3.101 Bus 50;vavm;1;NULL;NULL;NULL;NULL;NULL;NULL;NULL;LV6.309_MV3.101_eq;5
MV3.101 grid at LV6.310;MV3.101 Bus 52;vavm;1;NULL;NULL;NULL;NULL;NULL;NULL;NULL;LV6.310_MV3.101_eq;5
MV3.101 grid at LV6.311;MV3.101 Bus 53;vavm;1;NULL;NULL;NULL;NULL;NULL;NULL;NULL;LV6.311_MV3.101_eq;5
MV3.101 grid at LV6.312;MV3.101 Bus 56;vavm;1;NULL;NULL;NULL;NULL;NULL;NULL;NULL;LV6.312_MV3.101_eq;5
MV3.101 grid at LV6.313;MV3.101 Bus 57;vavm;1;NULL;NULL;NULL;NULL;NULL;NULL;NULL;LV6.313_MV3.101_eq;5
MV3.101 grid at LV6.314;MV3.101 Bus 58;vavm;1;NULL;NULL;NULL;NULL;NULL;NULL;NULL;LV6.314_MV3.101_eq;5
MV3.101 grid at LV6.315;MV3.101 Bus 61;vavm;1;NULL;NULL;NULL;NULL;NULL;NULL;NULL;LV6.315_MV3.101_eq;5
MV3.101 grid at LV6.316;MV3.101 Bus 63;vavm;1;NULL;NULL;NULL;NULL;NULL;NULL;NULL;LV6.316_MV3.101_eq;5
MV3.101 grid at LV6.317;MV3.101 Bus 65;vavm;1;NULL;NULL;NULL;NULL;NULL;NULL;NULL;LV6.317_MV3.101_eq;5
MV3.101 grid at LV6.318;MV3.101 Bus 66;vavm;1;NULL;NULL;NULL;NULL;NULL;NULL;NULL;LV6.318_MV3.101_eq;5
MV3.101 grid at LV6.319;MV3.101 Bus 68;vavm;1;NULL;NULL;NULL;NULL;NULL;NULL;NULL;LV6.319_MV3.101_eq;5
MV3.101 grid at LV6.320;MV3.101 Bus 69;vavm;1;NULL;NULL;NULL;NULL;NULL;NULL;NULL;LV6.320_MV3.101_eq;5
MV3.101 grid at LV6.321;MV3.101 Bus 70;vavm;1;NULL;NULL;NULL;NULL;NULL;NULL;NULL;LV6.321_MV3.101_eq;5
MV3.101 grid at LV6.322;MV3.101 Bus 76;vavm;1;NULL;NULL;NULL;NULL;NULL;NULL;NULL;LV6.322_MV3.101_eq;5
MV3.101 grid at LV6.323;MV3.101 Bus 80;vavm;1;NULL;NULL;NULL;NULL;NULL;NULL;NULL;LV6.323_MV3.101_eq;5
MV3.101 grid at LV6.324;MV3.101 Bus 83;vavm;1;NULL;NULL;NULL;NULL;NULL;NULL;NULL;LV6.324_MV3.101_eq;5
MV3.101 grid at LV6.325;MV3.101 Bus 87;vavm;1;NULL;NULL;NULL;NULL;NULL;NULL;NULL;LV6.325_MV3.101_eq;5
MV3.101 grid at LV6.326;MV3.101 Bus 89;vavm;1;NULL;NULL;NULL;NULL;NULL;NULL;NULL;LV6.326_MV3.101_eq;5
MV3.101 grid at LV6.327;MV3.101 Bus 92;vavm;1;NULL;NULL;NULL;NULL;NULL;NULL;NULL;LV6.327_MV3.101_eq;5
MV3.101 grid at LV6.328;MV3.101 Bus 93;vavm;1;NULL;NULL;NULL;NULL;NULL;NULL;NULL;LV6.328_MV3.101_eq;5
MV3.101 grid at LV6.329;MV3.101 Bus 94;vavm;1;NULL;NULL;NULL;NULL;NULL;NULL;NULL;LV6.329_MV3.101_eq;5
MV3.101 grid at LV6.330;MV3.101 Bus 100;vavm;1;NULL;NULL;NULL;NULL;NULL;NULL;NULL;LV6.330_MV3.101_eq;5
MV3.101 grid at LV6.331;MV3.101 Bus 114;vavm;1;NULL;NULL;NULL;NULL;NULL;NULL;NULL;LV6.331_MV3.101_eq;5
MV3.101 grid at LV6.332;MV3.101 Bus 116;vavm;1;NULL;NULL;NULL;NULL;NULL;NULL;NULL;LV6.332_MV3.101_eq;5
MV4.101 grid at LV1.401;MV4.101 Bus 49;vavm;1;NULL;NULL;NULL;NULL;NULL;NULL;NULL;LV1.401_MV4.101_eq;5
MV4.101 grid at LV2.401;MV4.101 Bus 8;vavm;1;NULL;NULL;NULL;NULL;NULL;NULL;NULL;LV2.401_MV4.101_eq;5
MV4.101 grid at LV2.402;MV4.101 Bus 10;vavm;1;NULL;NULL;NULL;NULL;NULL;NULL;NULL;LV2.402_MV4.101_eq;5
MV4.101 grid at LV2.403;MV4.101 Bus 11;vavm;1;NULL;NULL;NULL;NULL;NULL;NULL;NULL;LV2.403_MV4.101_eq;5
MV4.101 grid at LV2.404;MV4.101 Bus 17;vavm;1;NULL;NULL;NULL;NULL;NULL;NULL;NULL;LV2.404_MV4.101_eq;5
MV4.101 grid at LV2.405;MV4.101 Bus 18;vavm;1;NULL;NULL;NULL;NULL;NULL;NULL;NULL;LV2.405_MV4.101_eq;5
MV4.101 grid at LV2.406;MV4.101 Bus 48;vavm;1;NULL;NULL;NULL;NULL;NULL;NULL;NULL;LV2.406_MV4.101_eq;5
MV4.101 grid at LV2.407;MV4.101 Bus 50;vavm;1;NULL;NULL;NULL;NULL;NULL;NULL;NULL;LV2.407_MV4.101_eq;5
MV4.101 grid at LV2.408;MV4.101 Bus 51;vavm;1;NULL;NULL;NULL;NULL;NULL;NULL;NULL;LV2.408_MV4.101_eq;5
MV4.101 grid at LV2.409;MV4.101 Bus 87;vavm;1;NULL;NULL;NULL;NULL;NULL;NULL;NULL;LV2.409_MV4.101_eq;5
MV4.101 grid at LV3.401;MV4.101 Bus 21;vavm;1;NULL;NULL;NULL;NULL;NULL;NULL;NULL;LV3.401_MV4.101_eq;5
MV4.101 grid at LV3.402;MV4.101 Bus 39;vavm;1;NULL;NULL;NULL;NULL;NULL;NULL;NULL;LV3.402_MV4.101_eq;5
MV4.101 grid at LV3.403;MV4.101 Bus 47;vavm;1;NULL;NULL;NULL;NULL;NULL;NULL;NULL;LV3.403_MV4.101_eq;5
MV4.101 grid at LV3.404;MV4.101 Bus 52;vavm;1;NULL;NULL;NULL;NULL;NULL;NULL;NULL;LV3.404_MV4.101_eq;5
MV4.101 grid at LV3.405;MV4.101 Bus 79;vavm;1;NULL;NULL;NULL;NULL;NULL;NULL;NULL;LV3.405_MV4.101_eq;5
MV4.101 grid at LV3.406;MV4.101 Bus 88;vavm;1;NULL;NULL;NULL;NULL;NULL;NULL;NULL;LV3.406_MV4.101_eq;5
MV4.101 grid at LV4.401;MV4.101 Bus 7;vavm;1;NULL;NULL;NULL;NULL;NULL;NULL;NULL;LV4.401_MV4.101_eq;5
MV4.101 grid at LV4.402;MV4.101 Bus 13;vavm;1;NULL;NULL;NULL;NULL;NULL;NULL;NULL;LV4.402_MV4.101_eq;5
MV4.101 grid at LV4.403;MV4.101 Bus 14;vavm;1;NULL;NULL;NULL;NULL;NULL;NULL;NULL;LV4.403_MV4.101_eq;5
MV4.101 grid at LV4.404;MV4.101 Bus 20;vavm;1;NULL;NULL;NULL;NULL;NULL;NULL;NULL;LV4.404_MV4.101_eq;5
MV4.101 grid at LV4.405;MV4.101 Bus 22;vavm;1;NULL;NULL;NULL;NULL;NULL;NULL;NULL;LV4.405_MV4.101_eq;5
MV4.101 grid at LV4.406;MV4.101 Bus 29;vavm;1;NULL;NULL;NULL;NULL;NULL;NULL;NULL;LV4.406_MV4.101_eq;5
MV4.101 grid at LV4.407;MV4.101 Bus 30;vavm;1;NULL;NULL;NULL;NULL;NULL;NULL;NULL;LV4.407_MV4.101_eq;5
MV4.101 grid at LV4.408;MV4.101 Bus 32;vavm;1;NULL;NULL;NULL;NULL;NULL;NULL;NULL;LV4.408_MV4.101_eq;5
MV4.101 grid at LV4.409;MV4.101 Bus 33;vavm;1;NULL;NULL;NULL;NULL;NULL;NULL;NULL;LV4.409_MV4.101_eq;5
MV4.101 grid at LV4.410;MV4.101 Bus 34;vavm;1;NULL;NULL;NULL;NULL;NULL;NULL;NULL;LV4.410_MV4.101_eq;5
MV4.101 grid at LV4.411;MV4.101 Bus 35;vavm;1;NULL;NULL;NULL;NULL;NULL;NULL;NULL;LV4.411_MV4.101_eq;5
MV4.101 grid at LV4.412;MV4.101 Bus 40;vavm;1;NULL;NULL;NULL;NULL;NULL;NULL;NULL;LV4.412_MV4.101_eq;5
MV4.101 grid at LV4.413;MV4.101 Bus 42;vavm;1;NULL;NULL;NULL;NULL;NULL;NULL;NULL;LV4.413_MV4.101_eq;5
MV4.101 grid at LV4.414;MV4.101 Bus 43;vavm;1;NULL;NULL;NULL;NULL;NULL;NULL;NULL;LV4.414_MV4.101_eq;5
MV4.101 grid at LV4.415;MV4.101 Bus 44;vavm;1;NULL;NULL;NULL;NULL;NULL;NULL;NULL;LV4.415_MV4.101_eq;5
MV4.101 grid at LV4.416;MV4.101 Bus 55;vavm;1;NULL;NULL;NULL;NULL;NULL;NULL;NULL;LV4.416_MV4.101_eq;5
MV4.101 grid at LV4.417;MV4.101 Bus 56;vavm;1;NULL;NULL;NULL;NULL;NULL;NULL;NULL;LV4.417_MV4.101_eq;5
MV4.101 grid at LV4.418;MV4.101 Bus 76;vavm;1;NULL;NULL;NULL;NULL;NULL;NULL;NULL;LV4.418_MV4.101_eq;5
MV4.101 grid at LV4.419;MV4.101 Bus 78;vavm;1;NULL;NULL;NULL;NULL;NULL;NULL;NULL;LV4.419_MV4.101_eq;5
MV4.101 grid at LV4.420;MV4.101 Bus 80;vavm;1;NULL;NULL;NULL;NULL;NULL;NULL;NULL;LV4.420_MV4.101_eq;5
MV4.101 grid at LV4.421;MV4.101 Bus 81;vavm;1;NULL;NULL;NULL;NULL;NULL;NULL;NULL;LV4.421_MV4.101_eq;5
MV4.101 grid at LV4.422;MV4.101 Bus 84;vavm;1;NULL;NULL;NULL;NULL;NULL;NULL;NULL;LV4.422_MV4.101_eq;5
MV4.101 grid at LV4.423;MV4.101 Bus 106;vavm;1;NULL;NULL;NULL;NULL;NULL;NULL;NULL;LV4.423_MV4.101_eq;5
MV4.101 grid at LV5.401;MV4.101 Bus 23;vavm;1;NULL;NULL;NULL;NULL;NULL;NULL;NULL;LV5.401_MV4.101_eq;5
MV4.101 grid at LV5.402;MV4.101 Bus 24;vavm;1;NULL;NULL;NULL;NULL;NULL;NULL;NULL;LV5.402_MV4.101_eq;5
MV4.101 grid at LV5.403;MV4.101 Bus 26;vavm;1;NULL;NULL;NULL;NULL;NULL;NULL;NULL;LV5.403_MV4.101_eq;5
MV4.101 grid at LV5.404;MV4.101 Bus 41;vavm;1;NULL;NULL;NULL;NULL;NULL;NULL;NULL;LV5.404_MV4.101_eq;5
MV4.101 grid at LV5.405;MV4.101 Bus 59;vavm;1;NULL;NULL;NULL;NULL;NULL;NULL;NULL;LV5.405_MV4.101_eq;5
MV4.101 grid at LV5.406;MV4.101 Bus 60;vavm;1;NULL;NULL;NULL;NULL;NULL;NULL;NULL;LV5.406_MV4.101_eq;5
MV4.101 grid at LV5.407;MV4.101 Bus 61;vavm;1;NULL;NULL;NULL;NULL;NULL;NULL;NULL;LV5.407_MV4.101_eq;5
MV4.101 grid at LV5.408;MV4.101 Bus 63;vavm;1;NULL;NULL;NULL;NULL;NULL;NULL;NULL;LV5.408_MV4.101_eq;5
MV4.101 grid at LV5.409;MV4.101 Bus 64;vavm;1;NULL;NULL;NULL;NULL;NULL;NULL;NULL;LV5.409_MV4.101_eq;5
MV4.101 grid at LV5.410;MV4.101 Bus 65;vavm;1;NULL;NULL;NULL;NULL;NULL;NULL;NULL;LV5.410_MV4.101_eq;5
MV4.101 grid at LV5.411;MV4.101 Bus 69;vavm;1;NULL;NULL;NULL;NULL;NULL;NULL;NULL;LV5.411_MV4.101_eq;5
MV4.101 grid at LV5.412;MV4.101 Bus 70;vavm;1;NULL;NULL;NULL;NULL;NULL;NULL;NULL;LV5.412_MV4.101_eq;5
MV4.101 grid at LV5.413;MV4.101 Bus 73;vavm;1;NULL;NULL;NULL;NULL;NULL;NULL;NULL;LV5.413_MV4.101_eq;5
MV4.101 grid at LV5.414;MV4.101 Bus 82;vavm;1;NULL;NULL;NULL;NULL;NULL;NULL;NULL;LV5.414_MV4.101_eq;5
MV4.101 grid at LV5.415;MV4.101 Bus 83;vavm;1;NULL;NULL;NULL;NULL;NULL;NULL;NULL;LV5.415_MV4.101_eq;5
MV4.101 grid at LV5.416;MV4.101 Bus 85;vavm;1;NULL;NULL;NULL;NULL;NULL;NULL;NULL;LV5.416_MV4.101_eq;5
MV4.101 grid at LV5.417;MV4.101 Bus 95;vavm;1;NULL;NULL;NULL;NULL;NULL;NULL;NULL;LV5.417_MV4.101_eq;5
MV4.101 grid at LV5.418;MV4.101 Bus 96;vavm;1;NULL;NULL;NULL;NULL;NULL;NULL;NULL;LV5.418_MV4.101_eq;5
MV4.101 grid at LV5.419;MV4.101 Bus 97;vavm;1;NULL;NULL;NULL;NULL;NULL;NULL;NULL;LV5.419_MV4.101_eq;5
MV4.101 grid at LV5.420;MV4.101 Bus 103;vavm;1;NULL;NULL;NULL;NULL;NULL;NULL;NULL;LV5.420_MV4.101_eq;5
MV4.101 grid at LV5.421;MV4.101 Bus 104;vavm;1;NULL;NULL;NULL;NULL;NULL;NULL;NULL;LV5.421_MV4.101_eq;5
MV4.101 grid at LV5.422;MV4.101 Bus 105;vavm;1;NULL;NULL;NULL;NULL;NULL;NULL;NULL;LV5.422_MV4.101_eq;5
MV4.101 grid at LV6.401;MV4.101 Bus 25;vavm;1;NULL;NULL;NULL;NULL;NULL;NULL;NULL;LV6.401_MV4.101_eq;5
MV4.101 grid at LV6.402;MV4.101 Bus 31;vavm;1;NULL;NULL;NULL;NULL;NULL;NULL;NULL;LV6.402_MV4.101_eq;5
MV4.101 grid at LV6.403;MV4.101 Bus 53;vavm;1;NULL;NULL;NULL;NULL;NULL;NULL;NULL;LV6.403_MV4.101_eq;5
MV4.101 grid at LV6.404;MV4.101 Bus 54;vavm;1;NULL;NULL;NULL;NULL;NULL;NULL;NULL;LV6.404_MV4.101_eq;5
MV4.101 grid at LV6.405;MV4.101 Bus 57;vavm;1;NULL;NULL;NULL;NULL;NULL;NULL;NULL;LV6.405_MV4.101_eq;5
MV4.101 grid at LV6.406;MV4.101 Bus 58;vavm;1;NULL;NULL;NULL;NULL;NULL;NULL;NULL;LV6.406_MV4.101_eq;5
MV4.101 grid at LV6.407;MV4.101 Bus 66;vavm;1;NULL;NULL;NULL;NULL;NULL;NULL;NULL;LV6.407_MV4.101_eq;5
MV4.101 grid at LV6.408;MV4.101 Bus 67;vavm;1;NULL;NULL;NULL;NULL;NULL;NULL;NULL;LV6.408_MV4.101_eq;5
MV4.101 grid at LV6.409;MV4.101 Bus 68;vavm;1;NULL;NULL;NULL;NULL;NULL;NULL;NULL;LV6.409_MV4.101_eq;5
MV4.101 grid at LV6.410;MV4.101 Bus 71;vavm;1;NULL;NULL;NULL;NULL;NULL;NULL;NULL;LV6.410_MV4.101_eq;5
MV4.101 grid at LV6.411;MV4.101 Bus 72;vavm;1;NULL;NULL;NULL;NULL;NULL;NULL;NULL;LV6.411_MV4.101_eq;5
MV4.101 grid at LV6.412;MV4.101 Bus 90;vavm;1;NULL;NULL;NULL;NULL;NULL;NULL;NULL;LV6.412_MV4.101_eq;5
MV4.101 grid at LV6.413;MV4.101 Bus 91;vavm;1;NULL;NULL;NULL;NULL;NULL;NULL;NULL;LV6.413_MV4.101_eq;5
MV4.101 grid at LV6.414;MV4.101 Bus 93;vavm;1;NULL;NULL;NULL;NULL;NULL;NULL;NULL;LV6.414_MV4.101_eq;5
MV4.101 grid at LV6.415;MV4.101 Bus 94;vavm;1;NULL;NULL;NULL;NULL;NULL;NULL;NULL;LV6.415_MV4.101_eq;5
MV4.101 grid at LV6.416;MV4.101 Bus 98;vavm;1;NULL;NULL;NULL;NULL;NULL;NULL;NULL;LV6.416_MV4.101_eq;5
MV4.101 grid at LV6.417;MV4.101 Bus 100;vavm;1;NULL;NULL;NULL;NULL;NULL;NULL;NULL;LV6.417_MV4.101_eq;5
MV4.101 grid at LV6.418;MV4.101 Bus 101;vavm;1;NULL;NULL;NULL;NULL;NULL;NULL;NULL;LV6.418_MV4.101_eq;5
EHV Ext_grid 8;EHV Bus 143;vavm;1;NULL;NULL;NULL;NULL;NULL;NULL;NULL;HV1_EHV1_eq;1
EHV Ext_grid 9;EHV Bus 1649;vavm;1;NULL;NULL;NULL;NULL;NULL;NULL;NULL;HV1_EHV1_eq;1
EHV Ext_grid 10;EHV Bus 57;vavm;1;NULL;NULL;NULL;NULL;NULL;NULL;NULL;HV1_EHV1_eq;1
EHV Ext_grid 11;EHV Bus 1865;vavm;1;NULL;NULL;NULL;NULL;NULL;NULL;NULL;HV2_EHV1_eq;1
HV1 grid at MV1.101;HV1 Bus 17;vavm;1;NULL;NULL;NULL;NULL;NULL;NULL;NULL;MV1.101_HV1_eq;3
HV1 grid at MV2.101;HV1 Bus 19;vavm;1;NULL;NULL;NULL;NULL;NULL;NULL;NULL;MV2.101_HV1_eq;3
HV1 grid at MV3.101;HV1 Bus 25;vavm;1;NULL;NULL;NULL;NULL;NULL;NULL;NULL;MV3.101_HV1_eq;3
HV1 grid at MV4.101;HV1 Bus 14;vavm;1;NULL;NULL;NULL;NULL;NULL;NULL;NULL;MV4.101_HV1_eq;3
